Season,NAT,Club_Name,TSR,STR,PDO,Pass_Success,Possesion,Team_Value,AGE,FPPsq,Country Score,Rating,Pts
0,910,ENG,Manchester United,0.628058,0.611384,1052.258,0.800789,0.581842,11,25,0.666667,79.499,7.19,125.371
1,910,ENG,Chelsea,0.680405,0.720911,1035.715,0.737797,0.615692,15.85,26.8,0.714286,79.499,7.3,118.371
2,910,ENG,Arsenal,0.62966,0.620096,1018.346,0.809211,0.597632,6.24,21.7,0.688889,79.499,7.17,115.371
3,910,ENG,Tottenham,0.561334,0.567709,1026.935,0.759474,0.522105,6.08,23.3,0.487805,79.499,7.19,56.371
4,910,ENG,Liverpool,0.606972,0.546114,1005.435,0.777368,0.585789,11.22,24.4,0.8,79.499,7.04,115.371
5,910,ENG,Manchester City,0.501111,0.56003,1049.466,0.762105,0.641842,7.87,24.1,0.6,79.499,7.06,33.371
6,910,ENG,Everton,0.532176,0.539966,1016.429,0.748684,0.514737,5.28,23.1,0.547619,79.499,7,44.371
7,910,ENG,Blackburn,0.494795,0.503624,984.5211,0.631053,0.443947,2.58,25.3,0.828571,79.499,6.8,29.371
8,910,ENG,Fulham,0.463708,0.43077,993.8975,0.735526,0.499211,2.21,25.3,0.642857,79.499,6.86,39.371
9,910,ENG,Bolton,0.47869,0.441962,975.6079,0.631316,0.431316,2.67,25.3,0.5625,79.499,6.85,36.371
10,910,ENG,West Ham,0.48011,0.494531,961.2476,0.748421,0.487368,3.38,23.8,0.542857,79.499,6.88,16.371
11,910,ENG,Portsmouth,0.478691,0.447468,943.6597,0.738684,0.479737,2.22,25.4,0.644444,79.499,6.72,22.371
12,910,ENG,Aston Villa,0.454045,0.50848,1042.682,0.713421,0.473947,5.17,25.5,0.419355,79.499,7.06,25.871
13,1011,ENG,Manchester United,0.580609,0.628277,1036.404,0.807368,0.563947,8.93,24.1,0.651163,81.856,7.03,151.157
14,1011,ENG,Chelsea,0.62924,0.627945,1009.592,0.734686,0.607317,13.52,24.5,0.666667,81.856,7.05,129.157
15,1011,ENG,Arsenal,0.622589,0.627788,1003.297,0.835263,0.603421,8.95,23.4,0.794118,81.856,7.02,108.157
16,1011,ENG,Tottenham,0.535163,0.515635,1003.844,0.793947,0.539211,7.79,24.7,0.552632,81.856,6.98,78.157
17,1011,ENG,Liverpool,0.543082,0.593182,1008.735,0.764211,0.521579,8.95,23.5,0.595238,81.856,6.9,115.157
18,1011,ENG,Manchester City,0.509266,0.541558,1048.123,0.817368,0.665526,8.5,23.4,0.6,81.856,6.98,47.157
19,1011,ENG,Everton,0.5279,0.546504,977.0573,0.75027,0.49973,5.58,23.9,0.65625,81.856,6.81,43.157
20,1011,ENG,Blackburn,0.429336,0.415428,975.5849,0.642973,0.416216,2.57,25.1,0.783784,81.856,6.74,30.157
21,1011,ENG,Fulham,0.505792,0.497923,987.5533,0.755946,0.499459,3.29,27.5,0.794118,81.856,6.9,40.157
22,1011,ENG,Bolton,0.490563,0.452845,960.7614,0.658378,0.462973,2.75,25.4,0.529412,81.856,6.88,29.157
23,1011,ENG,West Ham,0.453579,0.414143,946.059,0.746216,0.447838,4.08,25.1,0.589744,81.856,6.76,17.157
24,1011,ENG,Newcastle,0.499914,0.518566,986.7234,0.750526,0.503947,2.52,23.7,0.447368,81.856,6.79,34.157
25,1011,ENG,Aston Villa,0.450783,0.470872,962.9639,0.722162,0.484595,5.33,25.1,0.512821,81.856,6.82,28.157
26,1112,ENG,Manchester United,0.546923,0.589385,1083.759,0.846842,0.577895,9.71,23.6,0.536585,85.785,7.15,141.882
27,1112,ENG,Chelsea,0.598592,0.574274,997.5637,0.706237,0.5665,15.58,26.3,0.7,85.785,6.9,135.882
28,1112,ENG,Arsenal,0.621019,0.665594,1004.84,0.842105,0.602632,7.1,23.3,0.75,85.785,6.94,113.882
29,1112,ENG,Tottenham,0.615087,0.61403,1014.283,0.838684,0.566842,6.45,24.2,0.489796,85.785,7.04,66.882
30,1112,ENG,Liverpool,0.611918,0.622708,969.7007,0.804474,0.555263,8.85,25,0.571429,85.785,6.82,90.882
31,1112,ENG,Everton,0.531061,0.547692,1003.151,0.763158,0.479737,5.59,25.6,0.705882,85.785,6.75,42.882
32,1112,ENG,Blackburn,0.426172,0.428088,991.465,0.711316,0.418158,2.52,24.5,0.666667,85.785,6.63,18.882
33,1112,ENG,Fulham,0.470847,0.490011,994.8302,0.809474,0.492895,3.29,26.1,0.777778,85.785,6.83,45.882
34,1112,ENG,Bolton,0.431346,0.429336,962.9247,0.707368,0.465526,2.65,25.2,0.513514,85.785,6.68,28.882
35,1112,ENG,Stoke,0.418294,0.3739,983.0034,0.682632,0.401842,3.84,27.9,0.483871,85.785,6.65,24.882
36,1112,ENG,Aston Villa,0.43496,0.440191,987.0405,0.714211,0.438947,4.64,25.3,0.617647,85.785,6.77,27.882
37,1213,ENG,Manchester United,0.543349,0.618459,1071.092,0.848684,0.562632,12.35,24.1,0.583333,84.41,7.03,130.592
38,1213,ENG,Chelsea,0.569283,0.562774,1033.599,0.665246,0.525772,13.18,25.3,0.709677,84.41,6.96,137.592
39,1213,ENG,Arsenal,0.589203,0.581544,1023.134,0.85,0.581842,8.16,23.8,0.805556,84.41,7.03,113.592
40,1213,ENG,Tottenham,0.633992,0.647459,995.7196,0.821316,0.529737,8.84,25.1,0.457143,84.41,6.98,69.592
41,1213,ENG,Liverpool,0.623291,0.620397,1012.244,0.836842,0.572368,7.25,22.8,0.5,84.41,6.99,78.592
42,1213,ENG,Manchester City,0.626119,0.674997,1024.625,0.843947,0.706053,13.43,24,0.710526,84.41,6.96,70.592
43,1213,ENG,Everton,0.581451,0.572659,989.8903,0.784737,0.528684,4.8,25.6,0.692308,84.41,6.93,25.592
44,1213,ENG,Fulham,0.41457,0.409881,1009.953,0.809211,0.489211,3.47,26.9,0.878788,84.41,6.82,45.592
45,1213,ENG,Stoke,0.419571,0.440089,999.1697,0.691316,0.432105,3.42,27.6,0.551724,84.41,6.72,24.592
46,1213,ENG,Newcastle United,0.503859,0.480869,962.6149,0.788421,0.486842,5.28,24.1,0.694444,84.41,6.73,31.592
47,1213,ENG,Aston Villa,0.424131,0.455866,1003.709,0.762895,0.455263,3.26,24.1,0.612903,84.41,6.8,27.592
48,1314,ENG,Manchester United,0.536188,0.551433,992.2432,0.839459,0.556486,15.05,24.9,0.676471,82.963,6.96,128.949
49,1314,ENG,Chelsea,0.633251,0.645703,1044.654,0.82,0.552105,12.15,23.8,0.833333,82.963,7.07,140.949
50,1314,ENG,Arsenal,0.53214,0.581303,1054.368,0.851579,0.568158,8.99,23.8,0.810811,82.963,7.05,112.949
51,1314,ENG,Tottenham,0.57637,0.54452,991.4231,0.808947,0.548947,8.22,23.4,0.583333,82.963,6.84,75.949
52,1314,ENG,Liverpool,0.560581,0.633708,1054.764,0.836842,0.558684,8.79,23.8,0.709677,82.963,7.18,58.949
53,1314,ENG,Everton,0.537514,0.569494,1029.559,0.828684,0.556053,7.25,25.9,0.733333,82.963,7.01,24.949
54,1314,ENG,Fulham,0.386945,0.370887,963.0981,0.770263,0.441842,3.37,25.4,0.75,82.963,6.66,45.949
55,1314,ENG,Swansea,0.514359,0.501141,990.1129,0.845789,0.573947,3.83,25.5,0.870968,82.963,6.81,24.949
56,1314,ENG,Stoke,0.436507,0.454334,1025.655,0.759737,0.475,4.34,26.1,0.689655,82.963,6.83,24.949
57,1314,ENG,Newcastle United,0.545647,0.514156,947.8574,0.79,0.493684,5.72,24.4,0.787879,82.963,6.82,31.949
58,1314,ENG,Aston Villa,0.471225,0.45707,973.3871,0.717895,0.437895,3.42,24,0.558824,82.963,6.71,19.949
59,910,ITA,Inter,0.562265,0.587113,1060.932,0.825263,0.562368,10.68,25.8,0.764705882,62.91,7.09,100.867
60,910,ITA,AC Milan,0.508264,0.521754,1063.875,0.847368,0.604474,8.33,27.3,0.4,62.91,7.04,99.867
61,910,ITA,Roma,0.561506,0.58396,1032.16,0.791316,0.501579,8.3,26.4,0.515151515,62.91,7.07,83.867
62,910,ITA,Fiorentina,0.602161,0.550418,965.6785,0.755,0.524474,4.94,23.5,0.45,62.91,6.83,63.867
63,910,ITA,Juventus,0.578395,0.558871,952.6012,0.791579,0.543684,8.37,26.1,0.352941177,62.91,6.84,59.867
64,910,ITA,Udinese,0.503634,0.530445,984.2245,0.787105,0.518684,3.14,23.6,0.648648649,62.91,6.94,38.867
65,910,ITA,Palermo,0.474119,0.536102,1035.068,0.766579,0.487632,2.69,24.4,0.441176471,62.91,6.92,35.867
66,910,ITA,Sampdoria,0.487031,0.511781,1018.66,0.749474,0.481842,2.75,24.7,0.181818182,62.91,6.87,30.867
67,910,ITA,Lazio,0.547734,0.533182,973.2732,0.772895,0.488158,2.87,26.1,0.476190476,62.91,6.88,23.867
68,910,ITA,Genoa,0.446674,0.448586,1009.37,0.777895,0.515789,3.1,24,0.414634146,62.91,6.91,17.867
69,910,ITA,Napoli,0.564724,0.555667,991.7025,0.774737,0.520789,4.13,25.9,0.387096774,62.91,6.96,14.867
70,910,ITA,Parma,0.467231,0.494036,1020.765,0.723158,0.487632,1.95,25.1,0.285714286,62.91,6.88,22.867
71,910,ITA,Livorno,0.48837,0.454582,927.903,0.771053,0.460526,1.29,24.8,0.256410256,62.91,6.7,20.867
72,910,ITA,Chievo,0.479036,0.490097,1002.551,0.706053,0.432105,1.24,27.4,0.310344828,62.91,6.84,14.867
73,1011,ITA,Inter,0.543513,0.570779,1029.879,0.854474,0.577895,10.26,25.7,0.657894737,64.338,7.06,100.11
74,1011,ITA,AC Milan,0.578316,0.618738,1059.815,0.838158,0.596579,9.01,27.5,0.5,64.338,7.1,94.11
75,1011,ITA,Roma,0.525986,0.550069,1007.319,0.812105,0.529737,7.59,26.8,0.515151515,64.338,6.89,85.11
76,1011,ITA,Fiorentina,0.496493,0.514947,1013.478,0.794737,0.491842,5.18,23.7,0.525,64.338,6.77,63.11
77,1011,ITA,Juventus,0.540875,0.535321,987.8604,0.790526,0.500526,7.39,24.9,0.295454546,64.338,6.89,47.11
78,1011,ITA,Udinese,0.522747,0.561595,1052.404,0.783421,0.492105,3.3,23.9,0.588235294,64.338,6.97,27.11
79,1011,ITA,Palermo,0.509697,0.513134,985.9772,0.789211,0.504737,2.25,23.5,0.435897436,64.338,6.87,26.11
80,1011,ITA,Sampdoria,0.471179,0.468447,962.3153,0.755526,0.479474,3.06,23.5,0.333333333,64.338,6.75,27.11
81,1011,ITA,Lazio,0.525527,0.530345,1025.921,0.813684,0.529211,3.25,26.4,0.514285714,64.338,6.88,23.11
82,1011,ITA,Genoa,0.51945,0.482633,985.2302,0.776316,0.500526,3.96,24.3,0.475,64.338,6.86,17.11
83,1011,ITA,Napoli,0.53544,0.601526,1039.542,0.791579,0.544737,5.06,27.1,0.357142857,64.338,6.94,21.11
84,1011,ITA,Parma,0.457639,0.457742,991.9626,0.776579,0.490789,2.88,25.2,0.342857143,64.338,6.81,22.11
85,1011,ITA,Chievo,0.484392,0.445088,1003.419,0.741053,0.467368,1.45,26.1,0.555555556,64.338,6.9,14.11
86,1112,ITA,Inter,0.573337,0.564521,975.9957,0.817895,0.540263,10.44,26.5,0.666666667,60.552,6.97,104.996
87,1112,ITA,AC Milan,0.561405,0.61613,1066.078,0.833947,0.597368,7.62,26.7,0.473684211,60.552,7.07,89.996
88,1112,ITA,Roma,0.55272,0.507663,974.8256,0.838421,0.602895,5.53,25.7,0.515151515,60.552,6.91,69.496
89,1112,ITA,Fiorentina,0.530346,0.507326,966.6932,0.773421,0.485263,5.19,24.8,0.53125,60.552,6.9,62.996
90,1112,ITA,Udinese,0.496755,0.55985,1046.763,0.773158,0.508421,3.08,24.5,0.657142857,60.552,7.01,38.996
91,1112,ITA,Palermo,0.452634,0.478011,987.0827,0.765,0.470526,3.28,24.9,0.555555556,60.552,6.81,19.996
92,1112,ITA,Lazio,0.512728,0.511262,1021.8,0.783158,0.496579,2.97,26.4,0.525,60.552,6.92,29.996
93,1112,ITA,Genoa,0.414732,0.429672,993.9694,0.752368,0.481842,3.93,26.1,0.545454546,60.552,6.82,16.996
94,1112,ITA,Napoli,0.543076,0.547316,1023.815,0.794737,0.534474,6.29,27.3,0.517241379,60.552,6.98,39.996
95,1213,ITA,Inter,0.516493,0.514517,990.0574,0.833158,0.522895,5.4,24,0.673469388,59.981,6.93,105.829
96,1213,ITA,AC Milan,0.620373,0.636168,1001.101,0.853158,0.577105,6.77,24.5,0.55,59.981,7.03,93.829
97,1213,ITA,Roma,0.545255,0.538013,967.1509,0.805,0.536316,5.03,25,0.703703704,59.981,6.98,53.329
98,1213,ITA,Fiorentina,0.605111,0.60504,1012.082,0.846579,0.567632,4.85,25.1,0.676470588,59.981,7.04,42.829
99,1213,ITA,Juventus,0.649414,0.704627,1033.966,0.855,0.577368,9.39,27.1,0.419354839,59.981,7.14,70.829
100,1213,ITA,Udinese,0.467027,0.504687,1051.568,0.769211,0.479211,3.2,23.2,0.538461539,59.981,6.94,42.829
101,1213,ITA,Palermo,0.48989,0.448476,957.3696,0.805789,0.501053,2.2,25.9,0.615384615,59.981,6.78,18.829
102,1213,ITA,Sampdoria,0.451841,0.438695,1009.408,0.787895,0.460263,2.26,25.2,0.533333333,59.981,6.79,25.829
103,1213,ITA,Lazio,0.533957,0.538091,992.4184,0.806316,0.506053,3.66,27.3,0.676470588,59.981,6.93,41.829
104,1213,ITA,Genoa,0.480136,0.512525,960.309,0.758947,0.462368,2.75,26.1,0.463414634,59.981,6.81,17.829
105,1213,ITA,Napoli,0.544006,0.619458,1055.58,0.827895,0.542105,7.04,27.3,0.53125,59.981,7.1,46.829
106,1314,ITA,Inter,0.560143,0.551623,1029.142,0.830263,0.548421,5.46,24.4,0.62,64.147,7.03,95.387
107,1314,ITA,AC Milan,0.571011,0.579908,990.483,0.836053,0.570789,7.11,24.8,0.487804878,64.147,6.88,98.387
108,1314,ITA,Roma,0.595329,0.661536,1072.711,0.858684,0.589474,3.7,22.7,0.517241379,64.147,7.09,39.887
109,1314,ITA,Fiorentina,0.54916,0.509183,1012.783,0.856316,0.586842,4.36,25,0.647058824,64.147,6.96,49.387
110,1314,ITA,Juventus,0.609092,0.67359,1075.122,0.855,0.560789,8.93,24.9,0.377777778,64.147,7.09,80.387
111,1314,ITA,Udinese,0.474154,0.480463,982.5152,0.775789,0.496316,2.04,23,0.683333333,64.147,6.86,29.887
112,1314,ITA,Sampdoria,0.510045,0.491657,953.0507,0.787632,0.473421,1.43,23.5,0.327586207,64.147,6.82,17.387
113,1314,ITA,Lazio,0.529252,0.540896,983.101,0.800263,0.491842,3.1,23.9,0.596153846,64.147,6.87,52.387
114,1314,ITA,Genoa,0.388066,0.410272,1041.755,0.777895,0.474737,1.63,23.6,0.5,64.147,6.79,18.387
115,1314,ITA,Napoli,0.552654,0.566335,1061.208,0.831579,0.547368,7.26,25.7,0.71875,64.147,7,61.387
116,1314,FRA,Lyon,0.502389,0.508403,918.8057,0.762647,0.490588,3.12,23.2,0.416666667,59,6.87,97.3
117,1314,FRA,Marseille,0.512747,0.489517,926.0544,0.772286,0.501714,4.34,24.5,0.441176471,59,6.91,70.3
118,1314,FRA,Bordeaux,0.485825,0.462617,987.6401,0.773529,0.502941,1.81,24.9,0.628571429,59,6.9,52.3
119,1314,FRA,Paris Saint,0.477445,0.501789,946.8707,0.776,0.500571,11.59,24,0.46875,59,7.1,80.3
120,1314,FRA,Lille,0.504428,0.4676,867.4497,0.778235,0.495294,2.43,24.5,0.548387097,59,6.96,45.3
121,1314,FRA,Saint-Etienne,0.524605,0.5319,900.5369,0.775588,0.494706,3.11,24.3,0.264705882,59,6.95,12.8
122,1314,FRA,Toulouse,0.527494,0.540672,997.5395,0.772647,0.501765,2.59,22.8,0.561402564,59,6.84,16.3
123,1314,FRA,Rennes,0.505141,0.562106,1033.989,0.778,0.504571,1.56,23.3,0.538461585,59,6.81,14.3
124,1314,FRA,Sochaux,0.500048,0.534212,1045.971,0.765429,0.501143,1.36,23.3,0.568181818,59,6.7,12.8
125,1314,FRA,Nice,0.467913,0.443504,1112.721088,0.775143,0.498,1.46,22.2,0.333333333,59,6.73,12.8
126,1314,FRA,Montpellier,0.49889,0.526212,908.344671,0.766571,0.495476,1.83,24.1,0.419354839,59,6.81,18.3
127,1314,FRA,Guingamp,0.476732,0.504122,1001.937442,0.749118,0.488235,0.607,25.6,0.5,59,6.74,12.8
128,1213,FRA,Lyon,0.490662,0.519413,998.0045,0.760571,0.492286,3.71,23.8,0.452380952,54.178,6.88,95.8
129,1213,FRA,Marseille,0.493691,0.482491,996.9274,0.770571,0.505143,4.08,24.1,0.5,54.178,6.89,78.8
130,1213,FRA,Bordeaux,0.477707,0.465077,904.4468,0.773824,0.505882,2.63,25.1,0.533333333,54.178,6.85,59.8
131,1213,FRA,Paris Saint,0.450058,0.501686,1003.923,0.734857,0.464,10.09,26.2,0.454545455,54.178,7.07,71.8
132,1213,FRA,Lille,0.503346,0.489644,928.7465,0.771176,0.505882,3.9,25.5,0.444444444,54.178,6.81,45.8
133,1213,FRA,Saint-Etienne,0.494162,0.545027,981.3959,0.787353,0.525,2.76,24.2,0.4,54.178,6.92,26.8
134,1213,FRA,Nancy,0.487056,0.469229,915.805,0.745143,0.465143,1.01,22.7,0.484848484,54.178,6.82,18.8
135,1213,FRA,Toulouse,0.479881,0.487771,1041.106,0.782941,0.486765,3.08,23.1,0.5,54.178,6.85,16.8
136,1213,FRA,Rennes,0.513485,0.510902,931.3725,0.777647,0.507059,2.63,23.2,0.5625,54.178,6.79,16.8
137,1213,FRA,Sochaux,0.500105,0.472864,891.5266,0.77,0.508824,1.46,23.6,0.666666667,54.178,6.83,13.3
138,1213,FRA,Montpellier,0.534962,0.553823,1047.301587,0.769143,0.512,2.61,24.9,0.375,54.178,6.86,18.8
139,1112,FRA,Marseille,0.512133,0.524569,1092.5,0.750333,0.517,5.19,25.1,0.451612903,53.678,6.88,85.835
140,1112,FRA,Bordeaux,0.539378,0.503969,1059.012,0.767742,0.525806,2.96,24.2,0.566666667,53.678,6.82,58.835
141,1112,FRA,Paris Saint,0.477007,0.48077,986.8122,0.737667,0.487667,6.37,25.5,0.514285714,53.678,6.95,45.835
142,1112,FRA,Lille,0.52043,0.514145,992.8059,0.775806,0.523548,4.58,25.4,0.586206897,53.678,6.92,38.835
143,1112,FRA,Saint-Etienne,0.503033,0.508679,1025.297,0.742258,0.472903,2.19,24.4,0.371428571,53.678,6.81,25.835
144,1112,FRA,Nancy,0.504559,0.512253,799.3856,0.767419,0.532581,1.47,24.4,0.567567568,53.678,6.76,17.835
145,1112,FRA,Auxerre,0.53243,0.53257,1000.269,0.723548,0.485484,1.14,23.1,0.536585366,53.678,6.73,16.835
146,1112,FRA,Toulouse,0.507649,0.57818,1050.635,0.74,0.507,2.95,22,0.363636364,53.678,6.91,19.835
147,1112,FRA,Rennes,0.518177,0.525091,959.7611,0.757097,0.526129,2.25,22.9,0.709677419,53.678,6.87,19.835
148,1112,FRA,Sochaux,0.501541,0.457985,954.24,0.766,0.528,1.65,22.6,0.558823529,53.678,6.69,14.335
149,1011,FRA,Lyon,0.578248,0.564338,986.7301,0.765,0.558158,7.25,23.1,0.448275862,53.71,6.81,92.735
150,1011,FRA,Marseille,0.584624,0.610782,965.0689,0.761842,0.532105,5.29,25.1,0.588235294,53.71,6.9,68.735
151,1011,FRA,Bordeaux,0.585074,0.555565,920.0292,0.760263,0.547105,4.18,23.8,0.485714286,53.71,6.82,67.735
152,1011,FRA,Paris Saint,0.53638,0.581563,997.7785,0.756316,0.492368,3.68,25.4,0.448275862,53.71,6.83,51.735
153,1011,FRA,Lille,0.582417,0.567283,1061.472,0.792105,0.576053,3.62,24.2,0.535714286,53.71,6.91,40.735
154,1011,FRA,Saint-Etienne,0.476424,0.50242,919.1938,0.759474,0.490526,2.7,23.8,0.46875,53.71,6.75,25.735
155,1011,FRA,Nancy,0.539855,0.534945,845.3748,0.719737,0.497895,2.52,30,0.5,53.71,6.88,25.735
156,1011,FRA,Auxerre,0.459466,0.529296,885.5472,0.727105,0.437895,2.25,23.3,0.5,53.71,6.78,23.735
157,1011,FRA,Lens,0.481664,0.440339,889.0455,0.716053,0.463421,1.55,23.7,0.512820513,53.71,6.76,22.735
158,1011,FRA,Toulouse,0.489444,0.497507,966.0088,0.731842,0.511579,1.96,22.9,0.5,53.71,6.79,19.735
159,1011,FRA,Rennes,0.48711,0.473732,1000.397,0.767895,0.519737,1.23,22.7,0.515151515,53.71,6.82,16.735
160,1011,FRA,Sochaux,0.434808,0.459647,1049.238,0.777632,0.501842,1.48,23.1,0.466666667,53.71,6.88,12.735
161,910,FRA,Bordeaux,0.565348,0.574083,1020.092,0.798158,0.585526,4.24,24.6,0.448275862,50.168,6.82,40.033
162,910,FRA,Lyon,0.564939,0.509503,1151.368,0.77,0.567105,4.75,22.6,0.486486487,50.168,7.06,96.748
163,910,FRA,Marseille,0.626757,0.664596,960.7143,0.772895,0.56,4.97,25.1,0.5625,50.168,7.02,62.748
164,910,FRA,Lille,0.590713,0.624991,997.7994,0.754737,0.552632,2.57,23.6,0.4375,50.168,6.96,46.748
165,910,FRA,Toulouse,0.512113,0.517944,915.251,0.753784,0.513784,1.58,22.8,0.4,50.168,6.85,19.748
166,910,FRA,Paris Saint,0.503332,0.536397,879.9356,0.752895,0.492895,3.41,25.7,0.407407407,50.168,6.8,39.748
167,910,FRA,Auxerre,0.482371,0.536919,965.7268,0.722368,0.472105,1.97,23.5,0.545454546,50.168,6.98,19.748
168,910,FRA,Monaco,0.488155,0.490275,984.8885,0.706486,0.477027,2.05,23.8,1,50.168,6.88,21.748
169,910,FRA,Lens,0.458494,0.459804,1010.746,0.738684,0.466316,1.75,24.2,0.59375,50.168,6.82,32.748
170,910,FRA,Saint-Etienne,0.486555,0.452067,891.3296,0.748421,0.5,2.53,23.6,0.46875,50.168,6.86,25.748
171,910,FRA,Nancy,0.485378,0.465503,900.8535,0.695263,0.450789,2.52,24.8,0.580645161,50.168,6.82,25.748
172,910,FRA,Rennes,0.534226,0.56011,914.881,0.751316,0.529474,1.29,24.6,0.516129032,50.168,6.85,19.748
173,910,FRA,Sochaux,0.446306,0.421784,956.9093,0.756579,0.491316,1.3,22.4,0.516129032,50.168,6.76,12.748
174,910,GER,Bayern Munich,0.55809,0.599094,1056.46,0.830294,0.612059,9.77,25.1,0.517241379,64.207,7.06,110.841
175,910,GER,Bayer Leverkusen,0.647439,0.691066,914.0215,0.776176,0.542059,5.03,23.6,0.46666667,64.207,6.99,40.841
176,910,GER,Borussia Dortmund,0.544393,0.58524,955.2332,0.734118,0.494118,4.17,23,0.441176471,64.207,6.98,14.841
177,910,GER,Schalke 04,0.526435,0.568504,993.4322,0.739412,0.480882,3.53,23.3,0.575,64.207,6.95,54.841
178,910,GER,VfB Stuttgart,0.553828,0.57319,932.2686,0.768182,0.535455,3.68,24.2,0.411764706,64.207,6.87,52.841
179,910,GER,Hannover 96,0.488734,0.44026,874.1246,0.743824,0.487353,2.84,25.1,0.538461539,64.207,6.68,11.841
180,910,GER,Werder Bremen,0.595644,0.578248,1086.197,0.781471,0.554412,3.64,23.4,0.447368421,64.207,7.07,94.841
181,910,GER,Hamburger SV,0.52736,0.546176,875.4098,0.793824,0.556765,2.37,24,0.542857143,64.207,6.88,86.841
182,910,GER,Wolfsburg,0.457033,0.492445,1006.158,0.781471,0.497353,2.31,24.9,0.612903226,64.207,6.95,38.841
183,910,GER,Eintracht Frankfurt,0.472165,0.450554,994.0593,0.769412,0.505588,1.71,24.6,0.5,64.207,6.77,18.841
184,910,GER,Hertha Berlin,0.488172,0.465162,886.7912,0.740294,0.481471,1.53,24.2,0.666666667,64.207,6.79,35.841
185,910,GER,Mainz 05,0.414427,0.427998,952.6802,0.743235,0.463529,0.987,25,0.536585366,64.207,6.8,13.841
186,1011,GER,Bayern Munich,0.566805,0.606732,795.3591,0.831765,0.617353,9.18,24.7,0.548387037,69.436,7.04,118.887
187,1011,GER,Bayer Leverkusen,0.599981,0.576862,1007.901,0.782941,0.556471,4.89,24.1,0.4,69.436,6.91,54.887
188,1011,GER,Borussia Dortmund,0.648487,0.685566,1073.227,0.746765,0.529706,3.7,23.8,0.516129032,69.436,7.01,22.887
189,1011,GER,Schalke 04,0.472548,0.48291,1312.57,0.778235,0.520882,3.88,24.2,0.638888889,69.436,6.75,61.887
190,1011,GER,VfB Stuttgart,0.478684,0.476466,1062.888,0.755294,0.482059,3.23,24.3,0.515151515,69.436,6.84,53.887
191,1011,GER,Werder Bremen,0.509585,0.487381,925.3247,0.749394,0.532727,3.86,24,0.473684211,69.436,6.76,92.887
192,1011,GER,Hamburger SV,0.50771,0.504583,984.1503,0.791176,0.544706,4.41,25.1,0.666666667,69.436,6.85,74.887
193,1011,GER,Wolfsburg,0.446444,0.414288,1030.882,0.74,0.49,6.2,24.8,0.735294118,69.436,6.74,39.887
194,1011,GER,Eintracht Frankfurt,0.442053,0.415515,876.3942,0.751765,0.505,1.83,24.2,0.483870968,69.436,6.7,19.887
195,1011,GER,FC Nuernberg,0.566149,0.546439,936.472923,0.716471,0.480882,1.22,23.5,0.4375,69.436,6.72,21.887
196,1112,GER,Bayern Munich,0.665825,0.718489,816.8705,0.862333,0.643,13.98,25.1,0.458333333,75.186,7.17,133.037
197,1112,GER,Bayer Leverkusen,0.48055,0.555682,931.6138,0.782333,0.527,5.21,23.3,0.310344828,75.186,7.01,60.037
198,1112,GER,Borussia Dortmund,0.646179,0.663664,1138.225,0.776552,0.551379,5.65,23.8,0.428571429,75.186,7.21,31.037
199,1112,GER,Schalke 04,0.508788,0.563631,1068.76,0.783,0.504333,3.7,23.9,0.540540541,75.186,7.13,78.037
200,1112,GER,VfB Stuttgart,0.489603,0.507416,1063.424,0.773103,0.515517,3.18,24.3,0.5625,75.186,7,55.037
201,1112,GER,Hannover 96,0.46514,0.440274,1094.815,0.724,0.485,2.22,24.7,0.516129032,75.186,6.8,31.037
202,1112,GER,Werder Bremen,0.521629,0.469492,1004.137,0.77931,0.516207,3.3,23.3,0.447368421,75.186,7.02,73.037
203,1112,GER,Hamburger SV,0.465361,0.435831,989.3091,0.783,0.524667,2.87,23.1,0.638888889,75.186,6.84,71.037
204,1112,GER,Wolfsburg,0.499464,0.499749,924.9204,0.69931,0.448621,2.77,24.9,0.636363636,75.186,6.82,41.037
205,1112,GER,Hertha Berlin,0.420857,0.381207,912.9677,0.735357,0.442857,1.68,23.5,0.533333333,75.186,6.78,28.037
206,1112,GER,FC Nuernberg,0.539911,0.517221,793.042328,0.707333,0.463667,1.44,23.2,0.4,75.186,6.79,23.037
207,1112,GER,Mainz 05,0.5173,0.484343,941.8856,0.728966,0.484138,1.84,24.7,0.6,75.186,6.9,16.037
208,1213,GER,Bayern Munich,0.666481,0.721728,1140.262,0.872941,0.636176,14.55,24.5,0.464285714,79.614,7.31,146.922
209,1213,GER,Bayer Leverkusen,0.567547,0.630885,985.2718,0.779706,0.494118,3.62,22.8,0.3125,79.614,7.12,53.922
210,1213,GER,Borussia Dortmund,0.626059,0.648136,965.6682,0.799118,0.557941,7.85,23.3,0.344827586,79.614,7.1,61.922
211,1213,GER,Schalke 04,0.564548,0.620565,877.9878618,0.786471,0.528235,6.11,24.3,0.607142857,79.614,6.95,84.922
212,1213,GER,VfB Stuttgart,0.437659,0.465868,994.0202,0.763529,0.494706,3.19,24.6,0.59375,79.614,6.81,59.922
213,1213,GER,Hannover 96,0.418251,0.414053,1124.811,0.735758,0.467576,2.75,24.9,0.5625,79.614,6.77,41.922
214,1213,GER,Werder Bremen,0.552153,0.506813,892.8185,0.764412,0.504118,2.48,22.5,0.4375,79.614,6.84,60.922
215,1213,GER,Hamburger SV,0.46238,0.481601,1029.937,0.765294,0.534118,3.95,24.4,0.607142857,79.614,6.91,55.922
216,1213,GER,Wolfsburg,0.475767,0.472978,975.5242,0.786176,0.505882,3.54,25,0.735294118,79.614,6.93,41.922
217,1213,GER,Borussia,0.411379,0.433176,1024.714,0.763824,0.489118,3,23.7,0.518518519,79.614,6.86,24.922
218,1213,GER,Mainz 05,0.480835,0.430494,1028.887,0.773235,0.499118,1.64,25.5,0.548387097,79.614,6.9,16.922
219,1314,GER,Bayer Leverkusen,0.506848,0.514176,997.6153,0.748621,0.47069,4.3,23.5,0.424242424,81.641,7.07,70.328
220,1314,GER,Borussia Dortmund,0.505669,0.512596,1020.216,0.768387,0.529032,9.2,23.7,0.35483871,81.641,7.23,82.328
221,1314,GER,Bayern Munich,0.537803,0.531766,833.2218,0.779286,0.506071,16.13,24.1,0.5,81.641,7.42,154.328
222,1314,GER,Schalke 04,0.513368,0.513572,925.0068,0.776,0.527,5.67,24.1,0.515151515,81.641,7.06,95.328
223,1314,GER,VfB Stuttgart,0.513675,0.547333,1031.947,0.762667,0.471667,3.16,24.4,0.5,81.641,6.82,53.828
224,1314,GER,Hannover 96,0.514314,0.494837,1026.018,0.757586,0.484828,2.39,24.2,0.571428571,81.641,6.85,42.328
225,1314,GER,Werder Bremen,0.531337,0.563852,983.6022,0.758065,0.488065,1.96,22.8,0.5,81.641,6.9,39.328
226,1314,GER,Hamburger SV,0.516803,0.5054,878.2749,0.77069,0.485862,3.38,24.1,0.545454545,81.641,6.95,34.328
227,1314,GER,Wolfsburg,0.472252,0.519726,956.6906,0.77,0.510968,3.85,24.2,0.685714286,81.641,7.05,32.328
228,1314,GER,Eintracht Frankfurt,0.492074,0.469942,926.5625,0.756563,0.50625,2.57,23.7,0.333333333,81.641,6.88,28.328
229,1314,GER,Borussia,0.466992,0.474705,965.1088,0.744815,0.476667,3.38,24,0.464285714,81.641,7.09,25.328
230,1314,GER,Hertha Berlin,0.505969,0.491756,1044.882,0.762414,0.511724,1.44,25,0.4375,81.641,6.89,24.328
231,1314,GER,Freiburg,0.476603,0.471784,944.7703,0.759,0.511333,1.96,22.9,0.441176471,81.641,6.8,21.328
232,1314,GER,Mainz 05,0.492354,0.483922,976.4153,0.744688,0.491875,1.46,25.7,0.516129032,81.641,7,17.328
233,910,ESP,Real Madrid,0.484521,0.699231,1044.537,0.832632,0.594737,13.42,24.5,0.516129,74.266,7.27,84.951
234,910,ESP,Barcelona,0.464652,0.691962,1140.25,0.869211,0.682632,11.67,24.1,0.483871,74.266,7.3,136.951
235,910,ESP,Valencia,0.399197,0.569608,1077.494,0.779737,0.566579,5.35,24.6,0.264706,74.266,6.96,66.951
236,910,ESP,Sevilla,0.39473,0.532222,1070.922,0.744474,0.533421,5.05,24.5,0.5,74.266,6.91,108.951
237,910,ESP,Atletico Madrid,0.372879,0.497047,1019.218,0.733158,0.51,4.83,23.1,0.432432,74.266,6.8,63.951
238,910,ESP,Villarreal,0.405726,0.567349,946.7161,0.748421,0.506316,4.57,25.5,0.419355,74.266,6.87,70.951
239,910,ESP,Getafe,0.397269,0.54826,975.4595,0.779737,0.551579,2.15,25.4,0.310345,74.266,6.85,33.951
240,910,ESP,Zaragoza,0.369836,0.458807,1032.377,0.727895,0.496316,2.01,25.5,0.486486,74.266,6.8,17.951
241,910,ESP,Racing Santander,0.325326,0.432314,936.5877,0.704474,0.46,1.97,24.4,0.264706,74.266,6.78,23.951
242,910,ESP,Espanyol,0.338593,0.477264,878.7385,0.734474,0.505789,1.84,23.8,0.352941,74.266,6.75,53.951
243,910,ESP,Athletic Club,0.346896,0.485593,1025.432,0.682895,0.432895,1.8,24.2,0.027778,74.266,6.9,23.951
244,910,ESP,Osasuna,0.303689,0.471929,981.7783,0.663684,0.454474,1.73,26.4,0.259259,74.266,6.74,37.951
245,910,ESP,Deportivo La Coruna,0.280211,0.403838,1077.816,0.747105,0.457632,1.71,25,0.258065,74.266,6.72,22.951
246,1011,ESP,Barcelona,0.517424,0.712783,1162.835,0.894211,0.725789,14.03,23.8,0.352941,79.757,7.2,141.465
247,1011,ESP,Real Madrid,0.464352,0.721991,1042.773,0.822632,0.568421,11.34,23.3,0.421053,79.757,7.21,103.465
248,1011,ESP,Atletico Madrid,0.356944,0.522804,1016.892,0.760789,0.500789,5.57,24.1,0.333333,79.757,6.89,70.465
249,1011,ESP,Sevilla,0.381124,0.515268,1013.72,0.792105,0.538421,5.47,24.4,0.542857,79.757,6.85,93.465
250,1011,ESP,Valencia,0.368256,0.547653,1100.51,0.794211,0.568158,4.73,25.4,0.40625,79.757,6.97,85.465
251,1011,ESP,Villarreal,0.378031,0.540566,988.9829,0.818421,0.533421,3.63,24.3,0.352941,79.757,6.95,75.465
252,1011,ESP,Athletic Club,0.377669,0.543652,999.3212,0.732632,0.473947,2.79,24.2,0.033333,79.757,6.84,24.465
253,1011,ESP,Getafe,0.350175,0.447514,994.808,0.766053,0.510263,2.01,24.4,0.241379,79.757,6.81,39.465
254,1011,ESP,Osasuna,0.365828,0.5284,998.0159,0.695,0.474211,1.95,27.1,0.206897,79.757,6.85,37.465
255,1011,ESP,Deportivo La Coruna,0.330553,0.419648,952.9363,0.743421,0.437368,1.92,25.5,0.30303,79.757,6.78,23.465
256,1011,ESP,Zaragoza,0.379277,0.489447,918.234,0.705263,0.445,1.9,25.1,0.533333,79.757,6.85,18.465
257,1011,ESP,Racing Santander,0.353182,0.492622,953.9967,0.749737,0.466842,1.77,25,0.4,79.757,6.83,24.465
258,1011,ESP,Espanyol,0.337239,0.484656,963.3563,0.768158,0.528947,1.48,23.3,0.314286,79.757,6.75,45.465
259,1112,ESP,Barcelona,0.51596,0.742419,1114.69,0.881579,0.697368,15.09,23.9,0.314286,82.329,7.25,157.837
260,1112,ESP,Real Madrid,0.47834,0.714205,1106.857,0.837895,0.592368,13.95,23.7,0.5,82.329,7.19,121.837
261,1112,ESP,Valencia,0.370623,0.52465,1085.5,0.779737,0.563421,5.35,24.9,0.481481,82.329,6.9,89.837
262,1112,ESP,Atletico Madrid,0.413978,0.601589,1009.843,0.763158,0.513158,5.21,23.8,0.454545,82.329,6.91,100.837
263,1112,ESP,Sevilla,0.38022,0.538001,942.4815,0.764474,0.520789,3.86,24.4,0.4375,82.329,6.94,70.337
264,1112,ESP,Villarreal,0.35117,0.496997,878.6986,0.770263,0.503421,3.75,24.4,0.352941,82.329,6.89,79.837
265,1112,ESP,Athletic Club,0.321145,0.458863,1045.301,0.784474,0.577632,3.25,24.2,0.033333,82.329,6.93,47.837
266,1112,ESP,Getafe,0.28857,0.374405,1052.851,0.706316,0.452895,2.18,25.9,0.193548,82.329,6.81,39.837
267,1112,ESP,Zaragoza,0.328591,0.446573,949.7289,0.698158,0.448684,1.99,25.5,0.516129,82.329,6.81,18.837
268,1112,ESP,Racing Santander,0.262729,0.372803,982.493,0.681053,0.395789,1.09,23.6,0.264706,82.329,6.74,24.837
269,1213,ESP,Barcelona,0.460419,0.664695,1171.169,0.892368,0.69,19.55,25.2,0.333333,84.186,7.19,157.605
270,1213,ESP,Real Madrid,0.447931,0.671808,1055.99,0.800526,0.557368,15.29,24.5,0.545455,84.186,7.09,136.605
271,1213,ESP,Atletico Madrid,0.396584,0.59566,1113.816,0.760526,0.475526,5.59,24.3,0.481481,84.186,6.97,99.605
272,1213,ESP,Valencia,0.368692,0.539792,1072.219,0.796053,0.533947,5.39,24.6,0.518519,84.186,6.88,102.605
273,1213,ESP,Sevilla,0.391306,0.562318,894.8124,0.779211,0.533421,3.68,24.3,0.419355,84.186,6.81,55.105
274,1213,ESP,Athletic Club,0.317071,0.410625,1049.635,0.782895,0.565526,3.45,23.2,0.068966,84.186,6.84,52.605
275,1213,ESP,Malaga,0.338343,0.496245,1041.127,0.791316,0.523947,2.87,25.8,0.636364,84.186,6.84,39.605
276,1213,ESP,Getafe,0.337664,0.439914,1017.276,0.718158,0.455789,2.15,26,0.178571,84.186,6.77,22.605
277,1213,ESP,Deportivo La Coruna,0.344437,0.502852,870.6638,0.778158,0.491053,1.74,27.7,0.517241,84.186,6.71,24.605
278,1213,ESP,Levante,0.294545,0.404168,1015.873,0.667632,0.364211,1.41,27.2,0.451613,84.186,6.71,30.605
279,1314,ESP,Real Madrid,0.449152,0.702499,1104.323,0.852368,0.588158,15.17,24.8,0.375,88.025,7.21,161.542
280,1314,ESP,Barcelona,0.468358,0.672315,1082.3,0.880526,0.677368,16.48,24,0.470588,88.025,7.18,157.542
281,1314,ESP,Atletico Madrid,0.425263,0.648552,1154.595,0.760789,0.488947,6.19,23.9,0.472222,88.025,7.05,119.542
282,1314,ESP,Valencia,0.363425,0.485161,979.742,0.803421,0.549211,4.15,24.3,0.540541,88.025,6.82,115.542
283,1314,ESP,Athletic Club,0.379318,0.560763,1067.92,0.764211,0.552895,3.37,24.7,0.034483,88.025,6.94,54.542
284,1314,ESP,Real Sociedad,0.34769,0.529602,1045.957,0.778421,0.494474,3.08,24.7,0.21875,88.025,6.86,24.542
285,1314,ESP,Sevilla,0.357306,0.517682,1138.847,0.745526,0.477105,2.91,23.8,0.511628,88.025,6.89,71.042
286,1314,ESP,Villarreal,0.348514,0.539463,1036.669,0.762895,0.475263,1.91,23.5,0.357143,88.025,6.8,53.542
287,1314,ESP,Malaga,0.367529,0.491717,975.7519,0.759211,0.490263,1.78,25,0.677419,88.025,6.8,41.542
288,1314,ESP,Getafe,0.321144,0.424377,1008.601,0.692105,0.442368,1.73,26,0.1875,88.025,6.72,24.542
289,1314,ESP,Real Betis,0.378734,0.477853,824.5671,0.738684,0.488947,1.36,23.2,0.27907,88.025,6.69,31.542
290,1314,ESP,Levante,0.256017,0.383543,1095.572,0.669474,0.374211,1.15,26.6,0.411765,88.025,6.8,32.542
291,1314,NED,PSV Eindhoven,0.418425,0.584197,1028.834,0.826471,0.571176,2.52,21.8,0.4375,44.729,6.99,64.862
292,1314,NED,Ajax,0.428098,0.616688,1160.024,0.855294,0.626471,2.81,22,0.4375,44.729,7.09,61.862
293,1314,NED,AZ Alkmaar,0.357933,0.502482,1077.934,0.787941,0.515588,1.17,23,0.441176,44.729,6.96,55.362
294,1314,NED,Twente,0.442151,0.622783,1052.558,0.842941,0.570588,1.19,22.6,0.555556,44.729,7,50.862
295,1314,NED,SC Heerenveen,0.354962,0.510902,1060.731,0.745882,0.472647,0.62,22.6,0.470588,44.729,6.99,16.362
296,1314,NED,FC Utrecht,0.283217,0.387809,1058.257,0.761765,0.446471,0.585,22.8,0.35,44.729,6.81,14.362
297,1314,NED,Feyenoord,0.434479,0.630375,1049.074,0.797059,0.529706,1.47,23,0.212121,44.729,7.1,13.362
298,1314,NED,Vitesse,0.442506,0.60181,947.2176,0.835882,0.612059,1.48,22,0.617647,44.729,7.06,10.862
299,1314,NED,NAC Breda,0.293329,0.448535,995.7516,0.752059,0.450588,0.369,25.1,0.307692,44.729,6.8,10.362
300,1314,NED,ADO Den Haag,0.347481,0.496915,892.8571,0.728529,0.431176,0.468,22.3,0.151515,44.729,6.77,9.862
301,1314,RUS,Zenit St.Petersburg,0.359504,0.585804,1012.838,0.774,0.545,6.13,25.9,0.419355,46.332,7.01,73.899
302,1314,RUS,Rubin Kazan,0.375754,0.556967,964.6164,0.775333,0.504,2.64,25,0.47619,46.332,6.84,69.399
303,1314,RUS,CSKA Moscow,0.414934,0.585319,1108.704,0.790333,0.526667,5.25,24.5,0.516129,46.332,6.86,66.899
304,1314,RUS,Spartak Moscow,0.358732,0.530545,1097.983,0.789,0.600667,3.5,24.8,0.55,46.332,6.81,36.399
305,1314,RUS,Anzhi Makhachkala,0.344068,0.444337,922.44,0.744667,0.471,3.95,24.9,0.446809,46.332,6.67,30.399
306,1314,RUS,Lokomotiv Moscow,0.39314,0.577876,1110.675,0.773333,0.537333,3.36,26,0.433333,46.332,6.97,20.899
307,1314,RUS,Kuban Krasnodar,0.343232,0.486965,1048.611,0.728333,0.475667,1.61,24.1,0.444444,46.332,6.81,14.399
308,1314,RUS,Dinamo Moscow,0.390453,0.603403,900.1984,0.75,0.521,3.67,26.1,0.371429,46.332,6.8,12.399
309,1314,RUS,Amkar,0.361552,0.51327,1015.212,0.704667,0.503667,0.555,25.3,0.472222,46.332,6.73,10.899
310,1314,RUS,Krylya Sovetov Samara,0.280525,0.392491,951.2963,0.718333,0.466,0.676,25,0.384615,46.332,6.73,10.399
311,1415,ESP,Barcelona,0.474448,0.726597,1174.861,0.879474,0.698158,16.41,24.4,0.516129,97.713,7.28,164.999
312,1415,ESP,Real Madrid,0.435302,0.674293,1152.52,0.859211,0.58,15.23,23.7,0.444444,97.713,7.24,171.999
313,1415,ESP,Atletico Madrid,0.441944,0.668901,1110.526,0.743947,0.495,7.68,24.7,0.5,97.713,7.01,120.999
314,1415,ESP,Valencia,0.376574,0.563549,1228.822,0.764474,0.504211,4.49,23.1,0.5,97.713,6.99,99.999
315,1415,ESP,Athletic Club,0.379603,0.50976,992.2306,0.72,0.517105,3.48,25.2,0.037037,97.713,6.81,56.999
316,1415,ESP,Sevilla,0.364382,0.565949,1076.911,0.748421,0.502632,3.07,24.7,0.441176,97.713,6.89,80.499
317,1415,ESP,Real Sociedad,0.315953,0.422025,997.751,0.738947,0.505526,3.04,24.6,0.166667,97.713,6.79,26.499
318,1415,ESP,Villarreal,0.362673,0.545375,1027.746,0.737895,0.482632,2.04,23.1,0.324324,97.713,6.88,58.999
319,1415,ESP,Malaga,0.368174,0.519219,947.9741,0.729211,0.489474,1.77,25.6,0.6,97.713,6.7,41.999
320,1415,ESP,Levante,0.290867,0.355033,869.6486,0.696053,0.425789,1.29,26.8,0.322581,97.713,6.6,32.999
321,1415,ESP,Getafe,0.338406,0.474459,826.6746,0.731316,0.459737,1.2,25.1,0.264706,97.713,6.65,24.999
322,1415,RUS,Zenit St.Petersburg,0.420531,0.681905,1138.642,0.798667,0.573333,6.02,24.8,0.393939,46.998,7,90.099
323,1415,RUS,Rubin Kazan,0.387411,0.552225,991.164,0.721333,0.482333,1.46,23.6,0.342105,46.998,6.92,57.099
324,1415,RUS,CSKA Moscow,0.43093,0.676945,1049.434,0.799667,0.573333,4.44,23.2,0.424242,46.998,7.02,55.599
325,1415,RUS,Spartak Moscow,0.344369,0.476199,1003.892,0.759667,0.543667,3.18,24.5,0.444444,46.998,6.79,37.099
326,1415,RUS,Dinamo Moscow,0.384081,0.5712,1065.963,0.784667,0.555333,3.57,24.6,0.333333,46.998,6.92,27.599
327,1415,RUS,Lokomotiv Moscow,0.321489,0.528505,995.1984,0.767,0.520333,2.87,25.4,0.4,46.998,6.8,23.099
328,1415,RUS,Kuban Krasnodar,0.371721,0.479928,953.2804,0.709,0.496,2.17,25.5,0.516129,46.998,6.73,15.099
329,1415,RUS,FC Krasnodar,0.363593,0.540372,1158.117,0.773,0.547333,1.7,24.9,0.361111,46.998,6.94,15.099
330,1415,RUS,FC Rostov,0.319937,0.480094,931.9733,0.718,0.476333,0.934,24.4,0.472222,46.998,6.58,11.599
331,1415,NED,Ajax,0.352432,0.513655,1198.37,0.817941,0.55,1.88,21.7,0.323529,44.312,7.09,66.195
332,1415,NED,PSV Eindhoven,0.427822,0.648485,1169.081,0.813235,0.525,2.12,21.6,0.258065,44.312,7.21,58.195
333,1415,NED,AZ Alkmaar,0.361784,0.533608,989.4173,0.730294,0.475882,0.997,22.1,0.482759,44.312,6.94,46.695
334,1415,NED,Twente,0.377909,0.52553,1015.168,0.790588,0.518529,1.08,21.9,0.575758,44.312,6.82,43.695
335,1415,NED,Feyenoord,0.462372,0.667386,935.1834,0.807647,0.592941,1.28,24.1,0.16129,44.312,6.93,21.695
336,1415,NED,FC Utrecht,0.378062,0.485939,1030.025,0.770882,0.514118,0.472,21.8,0.243902,44.312,6.95,13.695
337,1415,NED,Vitesse,0.447159,0.607585,1022.989,0.805882,0.585882,1.71,23,0.608696,44.312,7.04,10.195
338,1415,NED,SC Heerenveen,0.363158,0.509654,1046.543,0.746471,0.505588,0.523,21.1,0.368421,44.312,6.93,9.695
339,1415,NED,PEC Zwolle,0.378361,0.54139,1017.686,0.777059,0.491765,0.431,22.8,0.441176,44.312,6.86,9.695
340,1415,NED,ADO Den Haag,0.341209,0.470637,980.859,0.73,0.458824,0.494,22.4,0.258065,44.312,6.77,9.195
341,1415,NED,FC Groningen,0.321717,0.475671,995.2752,0.777059,0.507059,0.47,22.4,0.314286,44.312,6.8,8.695
342,1415,TUR,Galatasaray,0.382465,0.55739,1090.091,0.806765,0.557647,4.44,25.4,0.294118,34.2,6.92,50.02
343,1415,TUR,Besiktas,0.387091,0.621236,1018.405,0.799706,0.552353,2.26,23.1,0.289474,34.2,6.83,36.52
344,1415,TUR,Trabzonspor,0.342979,0.46379,991.4799,0.762941,0.523235,2,24.5,0.27027,34.2,6.79,36.52
345,1415,TUR,Fenerbahce,0.430492,0.609089,1084.631,0.810882,0.592353,3.11,24.8,0.243243,34.2,6.94,30.02
346,1415,TUR,Bursaspor,0.395488,0.574077,996.4402,0.769118,0.531471,1.38,24,0.34375,34.2,6.91,16.02
347,1415,TUR,Karabukspor,0.37614,0.494661,884.6405,0.773529,0.528824,0.972,24.3,0.30303,34.2,6.56,8.02
348,1415,TUR,Eskisehirspor,0.388139,0.574953,879.4118,0.756176,0.493235,1.01,23.7,0.315789,34.2,6.7,7.52
349,1415,TUR,Gaziantepspor,0.301561,0.382478,1012.159,0.714118,0.476176,0.574,24.1,0.411765,34.2,6.63,7.52
350,1415,ENG,Manchester United,0.567628,0.547668,1034.959,0.843684,0.611842,12.15,23.9,0.558139535,84.748,6.99,87.078
351,1415,ENG,Chelsea,0.554488,0.636181,1074.605,0.820263,0.558684,13.84,23.9,0.736842105,84.748,7.06,142.078
352,1415,ENG,Arsenal,0.597879,0.614664,1034.395,0.825,0.566053,9.63,23,0.690476191,84.748,7.15,116.078
353,1415,ENG,Tottenham,0.507515,0.50313,1005.176,0.803684,0.57,7.1,23.7,0.595238095,84.748,6.89,47.078
354,1415,ENG,Liverpool,0.582699,0.578,984.7647,0.822895,0.557368,8.14,23.4,0.6,84.748,6.9,31.078
355,1415,ENG,Manchester City,0.626315,0.629263,1024.714,0.837368,0.717105,13.28,25.4,0.805555556,84.748,7.07,84.078
356,1415,ENG,Everton,0.487673,0.56414,997.9754,0.814211,0.546579,4.44,24.3,0.475,84.748,6.82,30.078
357,1415,ENG,Swansea,0.437258,0.440476,1029.049,0.810789,0.501053,2.99,24.3,0.833333333,84.748,6.86,23.078
358,1415,ENG,Stoke,0.523793,0.502405,990.629,0.764737,0.502895,4.3,26.4,0.766666667,84.748,6.87,24.078
359,1415,ENG,Newcastle United,0.513013,0.472242,943.4364,0.753947,0.475526,3.33,22.9,0.619047619,84.748,6.74,31.078
360,1415,ENG,Aston Villa,0.467798,0.423284,955.1451,0.773158,0.489211,3.34,24.3,0.5,84.748,6.69,17.378
361,1415,ENG,Hull,0.463641,0.428961,977.1114,0.751053,0.440526,3.49,26.1,0.685714286,84.748,6.75,17.578
362,1415,FRA,Lyon,0.509549,0.479262,954.5955,0.740968,0.485806,3,23.4,0.35483871,52.416,6.98,72.983
363,1415,FRA,Marseille,0.492622,0.488738,1037.174,0.759677,0.487742,4.25,22.3,0.352941177,52.416,7.03,55.483
364,1415,FRA,Bordeaux,0.49504,0.491278,881.9869,0.767419,0.512581,1.62,22.8,0.564102564,52.416,6.8,24.483
365,1415,FRA,Paris Saint,0.489442,0.472889,1029.211,0.756774,0.494839,12.06,24.3,0.4375,52.416,7.09,100.483
366,1415,FRA,Lille,0.462456,0.511201,941.9902,0.756129,0.490645,2.44,24.3,0.580645161,52.416,6.83,36.483
367,1415,FRA,Saint-Etienne,0.533518,0.467481,993.9883,0.765484,0.526452,2.74,24.4,0.258064516,52.416,6.9,16.983
368,1415,FRA,Rennes,0.535832,0.561375,869.7773,0.785484,0.537419,1.43,24,0.5,52.416,6.75,13.483
369,1415,FRA,Monaco,0.481105,0.402171,870.3463,0.748065,0.473548,5.73,23.1,1,52.416,6.98,31.483
370,1415,FRA,Montpellier,0.456995,0.529121,986.6387,0.73125,0.470313,1.115,24.2,0.472222222,52.416,6.9,17.483
371,1415,FRA,Guingamp,0.512182,0.482058,1016.402,0.772,0.523667,0.938,25.8,0.451612903,52.416,6.71,19.483
372,1415,FRA,Nice,0.524153,0.549889,880.722,0.760323,0.496452,1.32,22.4,0.297297297,52.416,6.79,11.983
373,1415,ITA,Inter,0.572108,0.547666,988.6996,0.841053,0.602368,7.2,23.8,0.707317073,66.938,6.94,77.102
374,1415,ITA,AC Milan,0.448033,0.486479,1040.118,0.807105,0.514211,6.75,24.5,0.4,66.938,6.8,83.102
375,1415,ITA,Roma,0.565398,0.601466,1039.784,0.840526,0.594474,7.03,26,0.648648649,66.938,6.93,43.602
376,1415,ITA,Fiorentina,0.567301,0.560186,991.9597,0.839211,0.574474,5.72,25.7,0.658536585,66.938,6.92,49.102
377,1415,ITA,Juventus,0.601929,0.668738,1067.807,0.844474,0.573158,10.49,26,0.352941177,66.938,7.04,95.102
378,1415,ITA,Udinese,0.426357,0.399995,995.0498,0.731842,0.435526,2.2,23.2,0.727272727,66.938,6.71,30.602
379,1415,ITA,Palermo,0.495166,0.461515,1010.122,0.773684,0.486842,1.35,24.5,0.583333333,66.938,6.81,20.102
380,1415,ITA,Sampdoria,0.498503,0.494594,1014.962,0.786316,0.479474,2.81,24.6,0.487804878,66.938,6.84,18.102
381,1415,ITA,Lazio,0.594139,0.614687,1034.616,0.793947,0.534211,4.13,25.3,0.75,66.938,6.99,49.102
382,1415,ITA,Napoli,0.614124,0.64507,968.1873,0.821842,0.558158,9.31,26.1,0.75,66.938,6.87,84.102
383,1415,ITA,Torino,0.507291,0.536624,1000.932,0.807632,0.481842,1.58,25.3,0.476190476,66.938,6.81,27.102
384,1415,GER,Bayern Munich,0.539796,0.54851,893.7434,0.743333,0.524333,17.1,24.6,0.515151515,81.614,7.2,154.883
385,1415,GER,Bayer Leverkusen,0.571256,0.558746,937.3016,0.705152,0.47303,6.41,23.9,0.538461539,81.614,7.11,87.883
386,1415,GER,Borussia Dortmund,0.514099,0.453584,867.6488,0.734375,0.52625,8.91,23.7,0.45945946,81.614,6.92,99.883
387,1415,GER,Schalke 04,0.477483,0.530828,897.7007,0.720294,0.499706,5.93,23,0.388888889,81.614,6.92,111.883
388,1415,GER,VfB Stuttgart,0.49441,0.468186,858.1481,0.733667,0.488,3.26,23.7,0.466666667,81.614,6.77,36.383
389,1415,GER,Hannover 96,0.507011,0.540008,856.8663,0.735758,0.498485,2.23,24.6,0.444444444,81.614,6.78,41.883
390,1415,GER,Werder Bremen,0.457294,0.433261,974.0783,0.711935,0.494194,1.63,22.9,0.472222222,81.614,6.83,23.883
391,1415,GER,Wolfsburg,0.512932,0.54613,923.3307,0.724848,0.500303,5.87,24.9,0.6,81.614,7.14,31.883
392,1415,GER,Eintracht Frankfurt,0.486042,0.504668,1057.728,0.735,0.490313,2.47,24.1,0.466666667,81.614,6.88,27.883
393,1415,GER,Borussia,0.543534,0.546503,889.3961,0.75697,0.508788,3.98,24.9,0.518518519,81.614,7.08,33.883
394,1415,GER,Freiburg,0.518416,0.515681,855.5112,0.753871,0.532258,1.9,24.1,0.433333333,81.614,6.79,20.883
395,1415,GER,Mainz 05,0.430819,0.449375,1067.995,0.748485,0.51,2.14,23.9,0.527777778,81.614,6.87,17.883
396,1516,ESP,Real Madrid,0.428112,0.653393,1145.277,0.863684,0.577105,20.54,24,0.551724,99.999,7.24,176.142
397,1516,ESP,Barcelona,0.461065,0.682666,1200.798,0.865789,0.670526,16.43,24.9,0.46875,99.999,7.28,159.142
398,1516,ESP,Atletico Madrid,0.408868,0.645118,1240.658,0.764211,0.484474,9.52,24.4,0.566667,99.999,7.01,144.142
399,1516,ESP,Valencia,0.313331,0.42773,1044.808,0.777105,0.499474,5.69,22.7,0.526316,99.999,6.99,97.142
400,1516,ESP,Sevilla,0.341954,0.51745,1012.931,0.756842,0.500263,4.17,24.8,0.5,99.999,6.89,95.642
401,1516,ESP,Athletic Club,0.394558,0.538191,1014.871,0.729737,0.498421,3.73,26,0.035714,99.999,6.81,75.142
402,1516,ESP,Villarreal,0.330519,0.496895,1065.226,0.746316,0.458421,3.5,24.4,0.357143,99.999,6.88,60.142
403,1516,ESP,Real Sociedad,0.374629,0.512827,962.5675,0.752895,0.517895,3.25,24.6,0.1875,99.999,6.79,27.642
404,1516,ESP,Malaga,0.376295,0.557943,979.1294,0.720789,0.485263,2.01,26,0.69697,99.999,6.7,43.142
405,1516,ESP,Levante,0.325165,0.44405,872.6162,0.720526,0.457368,1.87,26.3,0.322581,99.999,6.6,34.142
406,1516,ESP,Real Betis,0.318322,0.407081,1030.304,0.732632,0.465263,1.87,25.9,0.424242,99.999,6.73,33.142
407,1516,RUS,Zenit St.Petersburg,0.439416,0.636002,1050.345,0.817,0.586,4.51,24,0.295455,50.498,6.92,93.216
408,1516,RUS,Rubin Kazan,0.339257,0.465391,937.5794,0.744333,0.503,1,23.4,0.288889,50.498,6.77,52.216
409,1516,RUS,CSKA Moscow,0.441691,0.615574,1082.672,0.795667,0.593667,4.13,24.4,0.323529,50.498,6.93,48.716
410,1516,RUS,Anzhi Makhachkala,0.319569,0.462539,954.7042,0.706667,0.443667,0.737,24.4,0.333333,50.498,6.62,31.216
411,1516,RUS,Lokomotiv Moscow,0.400908,0.573369,1027.702,0.780667,0.525333,2.26,25.4,0.352941,50.498,6.82,30.716
412,1516,RUS,Dinamo Moscow,0.34893,0.492264,830.3175,0.747,0.508667,2.41,24.5,0.289474,50.498,6.65,27.716
413,1516,RUS,FC Krasnodar,0.4098,0.606619,1082.447,0.808,0.599,2.58,25.9,0.466667,50.498,6.92,24.216
414,1516,RUS,Spartak Moscow,0.387012,0.526256,1069.859,0.780667,0.552667,2.38,24.1,0.314286,50.498,6.84,19.216
415,1516,RUS,Kuban Krasnodar,0.292357,0.385714,1094.392,0.674333,0.439667,1.11,24,0.302326,50.498,6.71,15.216
416,1516,RUS,FC Rostov,0.347666,0.59249,1161.071,0.712667,0.473667,0.568,22.5,0.348837,50.498,6.83,11.716
417,1516,NED,Ajax,0.431263,0.654333,1238.528,0.800588,0.553235,2.31,22.1,0.37037,40.979,7.15,58.112
418,1516,NED,PSV Eindhoven,0.437775,0.667304,1098.516,0.816176,0.551765,2.69,22.9,0.25,40.979,7.15,57.112
419,1516,NED,AZ Alkmaar,0.397686,0.558125,988.4135,0.740882,0.487941,0.808,22.3,0.4,40.979,6.93,43.612
420,1516,NED,Twente,0.333354,0.50572,996.4753,0.763235,0.477059,0.8,21.2,0.606061,40.979,6.8,27.612
421,1516,NED,Feyenoord,0.440854,0.610399,1027.766,0.788529,0.568824,1.62,23,0.290323,40.979,6.95,19.112
422,1516,NED,Vitesse,0.39757,0.545436,1009.923,0.812941,0.584118,0.757,22.1,0.612903,40.979,6.91,10.112
423,1516,NED,FC Groningen,0.308714,0.434069,1033.539,0.771471,0.504706,0.58,23,0.3125,40.979,6.73,9.612
424,1516,NED,SC Heerenveen,0.362627,0.504384,942.7436,0.746471,0.505882,0.461,21.2,0.30303,40.979,6.75,8.612
425,1516,NED,PEC Zwolle,0.332315,0.464126,1012.509,0.739412,0.461176,0.414,21.7,0.324324,40.979,6.82,8.612
426,1516,NED,ADO Den Haag,0.360238,0.485104,1032.726,0.733529,0.46,0.541,23.9,0.275862,40.979,6.79,8.112
427,1516,NED,FC Utrecht,0.405195,0.582834,947.2848,0.776176,0.517059,0.354,21.6,0.25,40.979,6.89,7.612
428,1516,TUR,Galatasaray,0.34869,0.505067,1090.058,0.817941,0.571471,3.4,25.6,0.352941,32.6,6.82,57.92
429,1516,TUR,Fenerbahce,0.456422,0.66492,1144.294,0.787353,0.56,4.15,24.5,0.35,32.6,6.99,40.92
430,1516,TUR,Trabzonspor,0.324083,0.46498,909.5238,0.78,0.502353,2.19,23.5,0.28,32.6,6.66,36.42
431,1516,TUR,Besiktas,0.431127,0.605837,1175.378,0.812647,0.579412,3.19,24.5,0.416667,32.6,6.99,34.92
432,1516,TUR,Bursaspor,0.349427,0.473619,923.9538,0.748824,0.501471,1.81,23.9,0.404762,32.6,6.7,11.42
433,1516,TUR,Istanbul Basaksehir,0.380659,0.55459,1136.473,0.760294,0.506176,1.36,26.3,0.3,32.6,6.82,7.92
434,1516,TUR,Eskisehirspor,0.335087,0.41171,856.9423,0.747647,0.468235,0.879,23.9,0.404255,32.6,6.59,7.92
435,1516,TUR,Gaziantepspor,0.301533,0.417528,949.496,0.706765,0.474706,0.779,23.5,0.35,32.6,6.66,7.92
436,1516,ENG,Manchester United,0.515226,0.533459,1047.201,0.814474,0.574211,8.5,22.5,0.522727273,80.391,6.83,82.256
437,1516,ENG,Chelsea,0.53753,0.495798,983.5873,0.805,0.551053,14.5,23.7,0.725,80.391,6.87,136.256
438,1516,ENG,Arsenal,0.545588,0.560975,1028.237,0.824737,0.564474,9.97,23.7,0.707317073,80.391,7.08,105.236
439,1516,ENG,Tottenham,0.598261,0.650173,1022.731,0.797105,0.567632,8.19,22.7,0.516129032,80.391,7.01,74.256
440,1516,ENG,Liverpool,0.572433,0.567268,923.8993,0.793784,0.571081,7.39,22.5,0.568181818,80.391,6.91,56.256
441,1516,ENG,Manchester City,0.643662,0.643075,1004.284,0.820263,0.683684,11.91,24.4,0.710526316,80.391,7.01,93.256
442,1516,ENG,Everton,0.477702,0.481882,1010.933,0.803158,0.519474,5.23,24.7,0.487179487,80.391,6.88,29.256
443,1516,ENG,Swansea,0.459981,0.412228,989.8295,0.796842,0.528947,3.84,24.8,0.805555556,80.391,6.75,22.256
444,1516,ENG,Stoke,0.450283,0.418546,992.2192,0.781579,0.501316,4.1,26.3,0.774193548,80.391,6.74,23.256
445,1516,ENG,Newcastle United,0.429055,0.473956,1019.204,0.755789,0.468421,4.78,23.6,0.642857143,80.391,6.73,30.256
446,1516,ENG,Southampton,0.429841,0.555502,940.5544,0.766579,0.490526,5.36,24.1,0.542857143,80.391,6.91,16.756
447,1516,ENG,West Ham,0.516953,0.540566,1020.915,0.766579,0.497632,3.7,23.2,0.52,80.391,6.92,16.256
448,1516,FRA,Lyon,0.599687,0.571403,1018.35,0.835152,0.626667,5.2,24,0.303030303,52.749,6.96,63.049
449,1516,FRA,Marseille,0.545305,0.569946,959.0789,0.823333,0.578788,3.79,22.9,0.52631579,52.749,6.84,46.549
450,1516,FRA,Bordeaux,0.529886,0.489245,989.9668,0.784848,0.501818,1.92,22.5,0.523809524,52.749,6.85,28.549
451,1516,FRA,Paris Saint,0.618755,0.711633,1138.54,0.895152,0.67303,12.38,23.9,0.542857143,52.749,7.27,112.549
452,1516,FRA,Lille,0.55044,0.537024,943.6508,0.765152,0.514848,1.93,24.6,0.441176471,52.749,6.9,29.549
453,1516,FRA,Saint-Etienne,0.478999,0.454691,944.0476,0.755152,0.513636,2.39,24.1,0.3,52.749,6.75,26.049
454,1516,FRA,Rennes,0.468468,0.473589,983.4993,0.7825,0.489688,1.28,23.7,0.473684211,52.749,6.8,13.549
455,1516,FRA,Monaco,0.494735,0.535136,1024.711,0.779394,0.490606,3.92,22.3,1,52.749,6.85,36.549
456,1516,FRA,Montpellier,0.475099,0.463649,864.442,0.769394,0.496667,1.46,24.9,0.4375,52.749,6.84,16.549
457,1516,FRA,Guingamp,0.464925,0.465938,936.0871,0.719394,0.41697,1.01,25.8,0.35483871,52.749,6.77,19.549
458,1516,FRA,Nice,0.480367,0.524772,1131.771,0.840938,0.575,1.42,22.4,0.257142857,52.749,6.9,12.049
459,1516,ITA,Inter,0.520128,0.524908,1019.898,0.815263,0.549737,7.19,24,0.707317073,70.51,6.85,58.087
460,1516,ITA,AC Milan,0.542692,0.540712,1002.234,0.787895,0.526053,5.7,24.7,0.365853659,70.51,6.86,67.087
461,1516,ITA,Roma,0.566117,0.57474,1038.659,0.816053,0.575789,7.23,23.9,0.727272727,70.51,6.94,41.587
462,1516,ITA,Fiorentina,0.620738,0.618684,992.8164,0.853158,0.616053,4.95,25.5,0.764705882,70.51,6.87,57.087
463,1516,ITA,Juventus,0.627474,0.67465,1078.263,0.847105,0.561053,11.27,25.1,0.571428571,70.51,7.07,107.087
464,1516,ITA,Udinese,0.45997,0.482796,973.2344,0.730263,0.440789,2.41,25.2,0.75,70.51,6.68,30.587
465,1516,ITA,Palermo,0.404234,0.369287,981.3362,0.749474,0.424737,1.56,23.5,0.5,70.51,6.67,15.087
466,1516,ITA,Sampdoria,0.424896,0.440366,1004.824,0.781053,0.492632,3.37,25.1,0.525,70.51,6.71,15.087
467,1516,ITA,Lazio,0.546168,0.493706,985.0467,0.791842,0.547368,4.62,24.6,0.675675676,70.51,6.79,63.087
468,1516,ITA,Napoli,0.646748,0.724499,1033.262,0.854211,0.628684,8.41,24.6,0.633333333,70.51,6.97,90.087
469,1516,ITA,Torino,0.511297,0.551913,988.2932,0.802368,0.475,2.48,25.8,0.454545455,70.51,6.75,27.087
470,1516,GER,Bayern Munich,0.69368,0.744848,970.6481,0.875,0.709118,17.9,24.9,0.558823529,79.415,7.13,163.035
471,1516,GER,Bayer Leverkusen,0.579548,0.566245,1004.567,0.734706,0.530588,6.08,23.2,0.606060606,79.415,6.95,89.035
472,1516,GER,Borussia Dortmund,0.665145,0.65188,1041.904,0.833235,0.639412,10.39,23.9,0.466666667,79.415,7.07,110.035
473,1516,GER,Schalke 04,0.495738,0.501311,1021.65,0.789412,0.521471,6.54,23.9,0.4375,79.415,6.9,96.035
474,1516,GER,VfB Stuttgart,0.516309,0.464994,902.4786,0.712647,0.477647,2.43,23.8,0.5,79.415,6.7,26.535
475,1516,GER,Hannover 96,0.427342,0.37581,947.5872,0.722059,0.457941,1.89,23.5,0.538461539,79.415,6.67,42.035
476,1516,GER,Wolfsburg,0.551852,0.560662,893.8322,0.820588,0.578824,7.58,24.5,0.542857143,79.415,6.85,56.035
477,1516,GER,Eintracht Frankfurt,0.458194,0.439859,953.9767,0.721765,0.471765,2.5,23.9,0.571428571,79.415,6.69,28.035
478,1516,GER,Borussia,0.493404,0.536775,949.0774,0.795152,0.556667,4.81,24.4,0.586206897,79.415,6.94,42.035
479,1516,GER,Mainz 05,0.445851,0.466027,946.8986,0.72,0.461471,1.73,24.3,0.564102564,79.415,6.84,18.035
480,1516,GER,Augsburg,0.437485,0.446503,1082.306,0.747647,0.468824,1.6,24.9,0.512820513,79.415,6.8,23.035
